鬼子来了,9.2,大陆,喜剧,https://movie.douban.com/subject/1291858/,https://img3.doubanio.com/view/photo/s_ratio_poster/public/p1181775734.jpg
狐妖小红娘剧场版：王权富贵,9.2,大陆,喜剧,https://movie.douban.com/subject/26946612/,https://img3.doubanio.com/view/photo/s_ratio_poster/public/p2409467410.jpg
齐天乐,9.2,大陆,喜剧,https://movie.douban.com/subject/11498192/,https://img3.doubanio.com/view/photo/s_ratio_poster/public/p1625056904.jpg
花为媒,9.1,大陆,喜剧,https://movie.douban.com/subject/2357317/,https://img1.doubanio.com/view/photo/s_ratio_poster/public/p2227822958.jpg
一磅肉,9.1,大陆,喜剧,https://movie.douban.com/subject/3543679/,https://img3.doubanio.com/view/photo/s_ratio_poster/public/p2342489640.jpg
红娘,9.1,大陆,喜剧,https://movie.douban.com/subject/4728534/,https://img3.doubanio.com/view/photo/s_ratio_poster/public/p2223210236.jpg
如此爹娘,9.0,大陆,喜剧,https://movie.douban.com/subject/3032535/,https://img3.doubanio.com/view/photo/s_ratio_poster/public/p2323730451.jpg
小捣蛋,9.7,美国,喜剧,https://movie.douban.com/subject/4714058/,https://img3.doubanio.com/lpic/s4590756.jpg
威尔和格蕾丝 告别秀,9.6,美国,喜剧,https://movie.douban.com/subject/2263259/,https://img1.doubanio.com/view/photo/s_ratio_poster/public/p2408281629.jpg
Wattstax,9.6,美国,喜剧,https://movie.douban.com/subject/1975692/,https://img1.doubanio.com/view/photo/s_ratio_poster/public/p2374623518.jpg
Green Day：圣经上的子弹演唱会,9.5,美国,喜剧,https://movie.douban.com/subject/2052209/,https://img3.doubanio.com/lpic/s3937890.jpg
怪诞小镇特别篇：松林之间,9.5,美国,喜剧,https://movie.douban.com/subject/26744258/,https://img3.doubanio.com/view/photo/s_ratio_poster/public/p2324315416.jpg
创造“哈利`波特”的世界：生物,9.5,美国,喜剧,https://movie.douban.com/subject/6721622/,https://img1.doubanio.com/view/photo/s_ratio_poster/public/p2425167528.jpg
跳出我天地音乐剧,9.5,美国,喜剧,https://movie.douban.com/subject/26264388/,https://img3.doubanio.com/view/photo/s_ratio_poster/public/p2215874393.jpg
演员工作室：老爸老妈的浪漫史,9.5,美国,喜剧,https://movie.douban.com/subject/25855990/,https://img3.doubanio.com/view/photo/s_ratio_poster/public/p2176444996.jpg
杰夫·敦哈姆：星星之火让人抓狂,9.5,美国,喜剧,https://movie.douban.com/subject/2363526/,https://img1.doubanio.com/lpic/s22717849.jpg
威尔和格蕾丝：后台通行证,9.5,美国,喜剧,https://movie.douban.com/subject/3231922/,https://img1.doubanio.com/lpic/s3279208.jpg
滑稽玩偶,9.5,美国,喜剧,https://movie.douban.com/subject/5096157/,https://img3.doubanio.com/lpic/s3742210.jpg
怀旧评论狂,9.5,美国,喜剧,https://movie.douban.com/subject/5153418/,https://img3.doubanio.com/view/photo/s_ratio_poster/public/p2352857712.jpg
哈利同人音乐剧第一部,9.5,美国,喜剧,https://movie.douban.com/subject/20388406/,https://img3.doubanio.com/view/photo/s_ratio_poster/public/p2191854174.jpg
阿甘正传,9.4,美国,喜剧,https://movie.douban.com/subject/1292720/,https://img1.doubanio.com/view/photo/s_ratio_poster/public/p510876377.jpg
福尔摩斯二世,9.4,美国,喜剧,https://movie.douban.com/subject/1303408/,https://img1.doubanio.com/view/photo/s_ratio_poster/public/p2206737207.jpg
吉米·鸡毛逊毙了！马达翻身当主持,9.4,美国,喜剧,https://movie.douban.com/subject/26721341/,https://img3.doubanio.com/view/photo/s_ratio_poster/public/p2315824435.jpg
拽妹黛薇儿要上大学了没,9.4,美国,喜剧,https://movie.douban.com/subject/2054458/,https://img3.doubanio.com/lpic/s2372970.jpg
博弈论,9.4,美国,喜剧,https://movie.douban.com/subject/3272459/,https://img3.doubanio.com/lpic/s4495422.jpg
拜访森林,9.4,美国,喜剧,https://movie.douban.com/subject/25741291/,https://img3.doubanio.com/view/photo/s_ratio_poster/public/p2155898916.jpg
克里斯洛克脱口秀,9.4,美国,喜剧,https://movie.douban.com/subject/2150624/,https://img3.doubanio.com/lpic/s2604291.jpg
聪明狗走天涯,9.4,美国,喜剧,https://movie.douban.com/subject/1297777/,https://img1.doubanio.com/lpic/s1788447.jpg
黑或白,9.4,美国,喜剧,https://movie.douban.com/subject/3266982/,https://img3.doubanio.com/lpic/s3324675.jpg
snorks,9.4,美国,喜剧,https://movie.douban.com/subject/1863428/,https://img3.doubanio.com/lpic/s1796635.jpg
土豆工厂,9.4,美国,喜剧,https://movie.douban.com/subject/1793083/,https://img3.doubanio.com/view/photo/s_ratio_poster/public/p2233036824.jpg
30 Rock Kidney Now,9.4,美国,喜剧,https://movie.douban.com/subject/3868403/,https://img3.doubanio.com/lpic/s4044946.jpg
机器人总动员,9.3,美国,喜剧,https://movie.douban.com/subject/2131459/,https://img3.doubanio.com/view/photo/s_ratio_poster/public/p449665982.jpg
浪漫小夜曲,9.3,美国,喜剧,https://movie.douban.com/subject/1937462/,https://img1.doubanio.com/view/photo/s_ratio_poster/public/p2458595709.jpg
甜美的老鼠生活,9.3,美国,喜剧,https://movie.douban.com/subject/1937461/,https://img3.doubanio.com/lpic/s8354296.jpg
周六夜现场：贾斯汀·丁伯莱克/Lady Gaga,9.3,美国,喜剧,https://movie.douban.com/subject/6132713/,https://img1.doubanio.com/lpic/s6381587.jpg
The Work of Director Michel Gondry,9.3,美国,喜剧,https://movie.douban.com/subject/1400646/,https://img3.doubanio.com/lpic/s1408962.jpg
绅士流浪汉,9.3,美国,喜剧,https://movie.douban.com/subject/4088692/,https://img1.doubanio.com/view/photo/s_ratio_poster/public/p2177308567.jpg
老鼠在曼哈顿,9.3,美国,喜剧,https://movie.douban.com/subject/2155209/,https://img1.doubanio.com/view/photo/s_ratio_poster/public/p2458339319.jpg
乔治 卡林：王者归来,9.3,美国,喜剧,https://movie.douban.com/subject/3054636/,https://img3.doubanio.com/lpic/s3055516.jpg
室内溜冰场,9.3,美国,喜剧,https://movie.douban.com/subject/5262256/,https://img3.doubanio.com/lpic/s8912836.jpg
周六夜现场,9.3,美国,喜剧,https://movie.douban.com/subject/6713364/,https://img3.doubanio.com/lpic/s6644084.jpg
平方根：海绵宝宝的故事,9.4,美国,喜剧,https://movie.douban.com/subject/4001873/,https://img3.doubanio.com/lpic/s3956255.jpg
"Russell Peters: Two Concerts, One Ticket",9.3,美国,喜剧,https://movie.douban.com/subject/6087827/,https://img1.doubanio.com/lpic/s4699657.jpg
辛普森一家：颁奖季,9.3,美国,喜剧,https://movie.douban.com/subject/6008882/,https://img3.doubanio.com/lpic/s4659476.jpg
南方公园之梦想国度,9.4,美国,喜剧,https://movie.douban.com/subject/5179539/,https://img3.doubanio.com/lpic/s5293436.jpg
查理布朗男孩,9.3,美国,喜剧,https://movie.douban.com/subject/1295406/,https://img1.doubanio.com/view/photo/s_ratio_poster/public/p577559527.jpg
伙伴们,9.3,美国,喜剧,https://movie.douban.com/subject/6524294/,https://img3.doubanio.com/lpic/s6620364.jpg
Rocky Horror Tribute Show,9.3,美国,喜剧,https://movie.douban.com/subject/3539046/,https://img3.doubanio.com/lpic/s3598686.jpg
疯狂动物城,9.2,美国,喜剧,https://movie.douban.com/subject/25662329/,https://img1.doubanio.com/view/photo/s_ratio_poster/public/p2315672647.jpg
摩登时代,9.2,美国,喜剧,https://movie.douban.com/subject/1294371/,https://img3.doubanio.com/view/photo/s_ratio_poster/public/p2173707976.jpg
寻梦环游记,9.2,美国,喜剧,https://movie.douban.com/subject/20495023/,https://img1.doubanio.com/view/photo/s_ratio_poster/public/p2503997609.jpg
城市之光,9.2,美国,喜剧,https://movie.douban.com/subject/1293908/,https://img3.doubanio.com/view/photo/s_ratio_poster/public/p2099815842.jpg
生活多美好,9.2,美国,喜剧,https://movie.douban.com/subject/1293749/,https://img1.doubanio.com/view/photo/s_ratio_poster/public/p771490367.jpg
你逃我也逃,9.2,美国,喜剧,https://movie.douban.com/subject/1303418/,https://img3.doubanio.com/view/photo/s_ratio_poster/public/p1339915772.jpg
欢乐树的朋友们：赶尽杀绝,9.2,美国,喜剧,https://movie.douban.com/subject/3075070/,https://img3.doubanio.com/lpic/s1806732.jpg
欢乐树的朋友们：第二发球,9.2,美国,喜剧,https://movie.douban.com/subject/1393471/,https://img3.doubanio.com/lpic/s1806713.jpg
欢乐树的朋友们：第三击,9.2,美国,喜剧,https://movie.douban.com/subject/1393472/,https://img3.doubanio.com/lpic/s1806711.jpg
欢乐树的朋友们：寒假,9.2,美国,喜剧,https://movie.douban.com/subject/1872077/,https://img3.doubanio.com/lpic/s1806745.jpg
汤姆的能量,9.2,美国,喜剧,https://movie.douban.com/subject/1937464/,https://img1.doubanio.com/lpic/s8354299.jpg
拉塞尔·皮特斯：红白褐,9.2,美国,喜剧,https://movie.douban.com/subject/3578890/,https://img3.doubanio.com/lpic/s3635321.jpg
拽妹黛薇儿之暑假要结束了没,9.2,美国,喜剧,https://movie.douban.com/subject/2054560/,https://img1.doubanio.com/lpic/s2373108.jpg
周六夜现场,9.2,美国,喜剧,https://movie.douban.com/subject/4706591/,https://img3.doubanio.com/view/photo/s_ratio_poster/public/p2362999490.jpg
周六夜现场,9.2,美国,喜剧,https://movie.douban.com/subject/2346297/,https://img1.doubanio.com/lpic/s3517328.jpg
乔治·卡林：你们都有病,9.2,美国,喜剧,https://movie.douban.com/subject/4199429/,https://img3.doubanio.com/lpic/s9109486.jpg
周六夜现场,9.2,美国,喜剧,https://movie.douban.com/subject/6727006/,https://img3.doubanio.com/lpic/s4602052.jpg
辛普森一家之恐怖树屋第十九部,9.2,美国,喜剧,https://movie.douban.com/subject/3289641/,https://img3.doubanio.com/lpic/s3351970.jpg
淘金岁月,9.2,美国,喜剧,https://movie.douban.com/subject/1928887/,https://img1.doubanio.com/lpic/s2091337.jpg
乔治·卡林：人生因失而值,9.2,美国,喜剧,https://movie.douban.com/subject/3095617/,https://img3.doubanio.com/view/photo/s_ratio_poster/public/p2165125235.jpg
猫之布鲁斯,9.2,美国,喜剧,https://movie.douban.com/subject/2191393/,https://img3.doubanio.com/lpic/s8938696.jpg
猫儿上天堂,9.2,美国,喜剧,https://movie.douban.com/subject/5262224/,https://img3.doubanio.com/lpic/s8514370.jpg
圣诞前夜,9.2,美国,喜剧,https://movie.douban.com/subject/3120785/,https://img3.doubanio.com/view/photo/s_ratio_poster/public/p2456684073.jpg
乔治·卡林：詹明在纽约,9.2,美国,喜剧,https://movie.douban.com/subject/3706177/,https://img1.doubanio.com/lpic/s3759278.jpg
冷气礼堂的喧哗: 比尔·奥雷利 vs. 囧司徒,9.2,美国,喜剧,https://movie.douban.com/subject/19961485/,https://img1.doubanio.com/view/photo/s_ratio_poster/public/p1717230188.jpg
Jeff Dunham 跟自己吵架,9.2,美国,喜剧,https://movie.douban.com/subject/2363540/,https://img3.doubanio.com/lpic/s22718081.jpg
史努比的惊险夏令营,9.2,美国,喜剧,https://movie.douban.com/subject/2139403/,https://img3.doubanio.com/lpic/s3706964.jpg
一路順風，查理布朗,9.2,美国,喜剧,https://movie.douban.com/subject/1296181/,https://img1.doubanio.com/view/photo/s_ratio_poster/public/p2206513238.jpg
周六夜现场: 吉米·法伦精选集,9.2,美国,喜剧,https://movie.douban.com/subject/2070339/,https://img3.doubanio.com/lpic/s2392694.jpg
难舍难分,9.2,美国,喜剧,https://movie.douban.com/subject/3840029/,https://img3.doubanio.com/lpic/s3874462.jpg
楚门的世界,9.1,美国,喜剧,https://movie.douban.com/subject/1292064/,https://img3.doubanio.com/view/photo/s_ratio_poster/public/p479682972.jpg
触不可及,9.1,美国,喜剧,https://movie.douban.com/subject/6786002/,https://img3.doubanio.com/view/photo/s_ratio_poster/public/p1454261925.jpg
暴力云与送子鹳,9.1,美国,喜剧,https://movie.douban.com/subject/3734350/,https://img3.doubanio.com/view/photo/s_ratio_poster/public/p449756673.jpg
寻子遇仙记,9.1,美国,喜剧,https://movie.douban.com/subject/1293270/,https://img1.doubanio.com/view/photo/s_ratio_poster/public/p2332976198.jpg
马戏团,9.1,美国,喜剧,https://movie.douban.com/subject/1299628/,https://img3.doubanio.com/view/photo/s_ratio_poster/public/p2248445275.jpg
欢乐树的朋友们,9.1,美国,喜剧,https://movie.douban.com/subject/4181031/,https://img3.doubanio.com/lpic/s4543611.jpg
乔治·卡林：这对你不好,9.1,美国,喜剧,https://movie.douban.com/subject/3001399/,https://img3.doubanio.com/lpic/s3639103.jpg
老鼠罐头工厂,9.1,美国,喜剧,https://movie.douban.com/subject/1826853/,https://img3.doubanio.com/lpic/s8354291.jpg
欢乐树的朋友们：滑雪巡逻救生队,9.1,美国,喜剧,https://movie.douban.com/subject/3075092/,https://img3.doubanio.com/lpic/s3622650.jpg
双人高尔夫,9.1,美国,喜剧,https://movie.douban.com/subject/1937451/,https://img3.doubanio.com/view/photo/s_ratio_poster/public/p2458339224.jpg
猫钓鱼,9.1,美国,喜剧,https://movie.douban.com/subject/1937466/,https://img1.doubanio.com/view/photo/s_ratio_poster/public/p2458595717.jpg
父子野餐,9.1,美国,喜剧,https://movie.douban.com/subject/1826855/,https://img3.doubanio.com/lpic/s8354516.jpg
周六夜现场,9.1,美国,喜剧,https://movie.douban.com/subject/21361552/,https://img1.doubanio.com/lpic/s25810279.jpg
人人都爱雷蒙德: 最后的笑声,9.1,美国,喜剧,https://movie.douban.com/subject/3290527/,https://img3.doubanio.com/lpic/s3353335.jpg
周六夜现场：40周年特别庆典,9.1,美国,喜剧,https://movie.douban.com/subject/26320764/,https://img3.doubanio.com/view/photo/s_ratio_poster/public/p2227937905.jpg
辛普森一家之万圣节专辑之恐怖树屋,9.1,美国,喜剧,https://movie.douban.com/subject/2296049/,https://img3.doubanio.com/lpic/s2753652.jpg
无所畏惧,9.1,美国,喜剧,https://movie.douban.com/subject/2173593/,https://img3.doubanio.com/view/photo/s_ratio_poster/public/p2322720201.jpg
人鼠之间,9.1,美国,喜剧,https://movie.douban.com/subject/26431592/,https://img3.doubanio.com/view/photo/s_ratio_poster/public/p2252276881.jpg
迪斯尼彭彭丁满欢乐大餐,9.1,美国,喜剧,https://movie.douban.com/subject/2074343/,https://img3.doubanio.com/lpic/s6888773.jpg
辛普森一家之恐怖树屋第十七部,9.1,美国,喜剧,https://movie.douban.com/subject/2157194/,https://img1.doubanio.com/lpic/s2614747.jpg
飞行猫,9.1,美国,喜剧,https://movie.douban.com/subject/2137156/,https://img1.doubanio.com/view/photo/s_ratio_poster/public/p2458595828.jpg
加菲猫的侦探故事,9.1,美国,喜剧,https://movie.douban.com/subject/3211959/,https://img3.doubanio.com/lpic/s3665980.jpg
网球白痴,9.1,美国,喜剧,https://movie.douban.com/subject/2137548/,https://img3.doubanio.com/view/photo/s_ratio_poster/public/p2494212990.jpg
德鲁大叔,9.1,美国,喜剧,https://movie.douban.com/subject/26665408/,https://img3.doubanio.com/view/photo/s_ratio_poster/public/p2401288743.jpg
爆竹风波,9.1,美国,喜剧,https://movie.douban.com/subject/2137554/,https://img1.doubanio.com/view/photo/s_ratio_poster/public/p2494213107.jpg
好莱坞碗演奏会,9.1,美国,喜剧,https://movie.douban.com/subject/2144680/,https://img3.doubanio.com/view/photo/s_ratio_poster/public/p2437612871.jpg
两个小印第安,9.1,美国,喜剧,https://movie.douban.com/subject/5262247/,https://img3.doubanio.com/lpic/s4467782.jpg
马克吐温美国幽默奖：蒂娜·菲,9.1,美国,喜剧,https://movie.douban.com/subject/5367928/,https://img1.doubanio.com/lpic/s4541828.jpg
捕鼠陷阱,9.1,美国,喜剧,https://movie.douban.com/subject/2137177/,https://img3.doubanio.com/view/photo/s_ratio_poster/public/p2458596041.jpg
休战的伤害,9.1,美国,喜剧,https://movie.douban.com/subject/5290009/,https://img1.doubanio.com/view/photo/s_ratio_poster/public/p2464858879.jpg
宠物之争,9.1,美国,喜剧,https://movie.douban.com/subject/5262258/,https://img3.doubanio.com/lpic/s8459243.jpg
本尼·希尔搞笑表演集锦,9.1,美国,喜剧,https://movie.douban.com/subject/1494928/,https://img3.doubanio.com/view/photo/s_ratio_poster/public/p2327819375.jpg
周六夜现场,9.1,美国,喜剧,https://movie.douban.com/subject/3262970/,https://img3.doubanio.com/lpic/s3320170.jpg
周六夜现场:   艾米·波勒精选集,9.1,美国,喜剧,https://movie.douban.com/subject/3703336/,https://img3.doubanio.com/lpic/s4073912.jpg
阿福世界,9.1,美国,喜剧,https://movie.douban.com/subject/4603384/,https://img1.doubanio.com/lpic/s4214847.jpg
A Colbert Christmas: The Greatest Gift of All!,9.1,美国,喜剧,https://movie.douban.com/subject/3312796/,https://img3.doubanio.com/lpic/s3376726.jpg
光荣的日子,9.1,美国,喜剧,https://movie.douban.com/subject/3724036/,https://img3.doubanio.com/view/photo/s_ratio_poster/public/p1112469352.jpg
飞越疯人院,9.0,美国,喜剧,https://movie.douban.com/subject/1292224/,https://img1.doubanio.com/view/photo/s_ratio_poster/public/p792238287.jpg
两杆大烟枪,9.0,美国,喜剧,https://movie.douban.com/subject/1293350/,https://img1.doubanio.com/view/photo/s_ratio_poster/public/p792443418.jpg
电焊工波力,9.0,美国,喜剧,https://movie.douban.com/subject/3338821/,https://img3.doubanio.com/view/photo/s_ratio_poster/public/p1202712652.jpg
宇宙快递,9.0,美国,喜剧,https://movie.douban.com/subject/25884822/,https://img3.doubanio.com/view/photo/s_ratio_poster/public/p2229847445.jpg
宠物,9.0,美国,喜剧,https://movie.douban.com/subject/25750820/,https://img3.doubanio.com/view/photo/s_ratio_poster/public/p2195528326.jpg
淘金记,9.0,美国,喜剧,https://movie.douban.com/subject/1298817/,https://img3.doubanio.com/view/photo/s_ratio_poster/public/p1581774481.jpg
欢乐树的朋友们：第一滴血,9.0,美国,喜剧,https://movie.douban.com/subject/1393470/,https://img1.doubanio.com/lpic/s1806727.jpg
将军号,9.0,美国,喜剧,https://movie.douban.com/subject/1292778/,https://img3.doubanio.com/view/photo/s_ratio_poster/public/p2248676081.jpg
猫的协奏曲,9.0,美国,喜剧,https://movie.douban.com/subject/1295833/,https://img3.doubanio.com/view/photo/s_ratio_poster/public/p2458595750.jpg
小孤儿,9.0,美国,喜剧,https://movie.douban.com/subject/1296573/,https://img3.doubanio.com/lpic/s8432261.jpg
欢乐树的朋友们：鼹鼠进城,9.0,美国,喜剧,https://movie.douban.com/subject/1872083/,https://img1.doubanio.com/lpic/s1806738.jpg
稻草人,9.0,美国,喜剧,https://movie.douban.com/subject/1867778/,https://img1.doubanio.com/view/photo/s_ratio_poster/public/p2503556327.jpg
辛普森一家：家庭治疗,9.0,美国,喜剧,https://movie.douban.com/subject/1850674/,https://img3.doubanio.com/lpic/s1742552.jpg
拉塞尔·皮特斯：幽默无国界,9.0,美国,喜剧,https://movie.douban.com/subject/4186797/,https://img3.doubanio.com/lpic/s4092233.jpg
周六夜现场,9.0,美国,喜剧,https://movie.douban.com/subject/24521861/,https://img1.doubanio.com/view/photo/s_ratio_poster/public/p2456874717.jpg
周六夜现场,9.0,美国,喜剧,https://movie.douban.com/subject/25775524/,https://img3.doubanio.com/view/photo/s_ratio_poster/public/p2164369882.jpg
周六夜现场,9.0,美国,喜剧,https://movie.douban.com/subject/10742710/,https://img1.doubanio.com/lpic/s9124857.jpg
老鼠打扫记,9.1,美国,喜剧,https://movie.douban.com/subject/2155204/,https://img3.doubanio.com/lpic/s8514360.jpg
保镖,9.0,美国,喜剧,https://movie.douban.com/subject/5262213/,https://img3.doubanio.com/view/photo/s_ratio_poster/public/p2456687514.jpg
隐形墨水,9.0,美国,喜剧,https://movie.douban.com/subject/5262222/,https://img3.doubanio.com/lpic/s4467736.jpg
吃奶的小孤儿,8.9,美国,喜剧,https://movie.douban.com/subject/2137537/,https://img1.doubanio.com/view/photo/s_ratio_poster/public/p2458338627.jpg
杰瑞的表兄,9.0,美国,喜剧,https://movie.douban.com/subject/3113288/,https://img1.doubanio.com/lpic/s8354088.jpg
杰瑞和狮子,9.0,美国,喜剧,https://movie.douban.com/subject/2137538/,https://img3.doubanio.com/view/photo/s_ratio_poster/public/p2458595794.jpg
机器鸡DC漫画特辑3：魔幻基友,9.0,美国,喜剧,https://movie.douban.com/subject/26644606/,https://img3.doubanio.com/view/photo/s_ratio_poster/public/p2312933024.jpg
寂寞的老鼠,9.0,美国,喜剧,https://movie.douban.com/subject/2137169/,https://img3.doubanio.com/view/photo/s_ratio_poster/public/p2456686820.jpg
麻烦的诞生,9.0,美国,喜剧,https://movie.douban.com/subject/3113128/,https://img1.doubanio.com/lpic/s8514368.jpg
强力乳液,9.0,美国,喜剧,https://movie.douban.com/subject/3110686/,https://img3.doubanio.com/view/photo/s_ratio_poster/public/p2456686900.jpg
周末夜之猫,9.0,美国,喜剧,https://movie.douban.com/subject/2144684/,https://img3.doubanio.com/lpic/s8514373.jpg
杰瑞与小象,9.0,美国,喜剧,https://movie.douban.com/subject/5262244/,https://img3.doubanio.com/lpic/s4467781.jpg
周六夜现场,9.0,美国,喜剧,https://movie.douban.com/subject/5973957/,https://img3.doubanio.com/lpic/s4634232.jpg
皇帝的睡眠,9.0,美国,喜剧,https://movie.douban.com/subject/2138399/,https://img3.doubanio.com/lpic/s4466643.jpg
Russell Peters: Show Me the Funny,9.0,美国,喜剧,https://movie.douban.com/subject/5380957/,https://img3.doubanio.com/lpic/s4551740.jpg
偷懒的猫,9.0,美国,喜剧,https://movie.douban.com/subject/1463981/,https://img1.doubanio.com/lpic/s4466619.jpg
有恩必报,9.0,美国,喜剧,https://movie.douban.com/subject/5262239/,https://img1.doubanio.com/view/photo/s_ratio_poster/public/p2494213667.jpg
古宝猫,9.0,美国,喜剧,https://movie.douban.com/subject/5262230/,https://img1.doubanio.com/view/photo/s_ratio_poster/public/p2494213739.jpg
彩虹,9.0,美国,喜剧,https://movie.douban.com/subject/1971485/,https://img3.doubanio.com/view/photo/s_ratio_poster/public/p503390374.jpg
小雪人喜欢我,9.0,美国,喜剧,https://movie.douban.com/subject/5262207/,https://img3.doubanio.com/lpic/s4467821.jpg
George Carlin: Doin' It Again,9.0,美国,喜剧,https://movie.douban.com/subject/5143608/,https://img3.doubanio.com/lpic/s24520022.jpg
胆小的猫咪,9.0,美国,喜剧,https://movie.douban.com/subject/5290016/,https://img1.doubanio.com/lpic/s8938699.jpg
Matthew Gray Gubler: The Unauthorized Documentary,9.1,美国,喜剧,https://movie.douban.com/subject/3830052/,https://img3.doubanio.com/lpic/s24232324.jpg
Gabriel Iglesias: I'm Not Fat... I'm Fluffy,9.0,美国,喜剧,https://movie.douban.com/subject/5244254/,https://img3.doubanio.com/lpic/s4455546.jpg
"小顽童,小捣蛋",9.0,美国,喜剧,https://movie.douban.com/subject/1302676/,https://img3.doubanio.com/lpic/s3239194.jpg
比尔·马厄：我是瑞士人,9.0,美国,喜剧,https://movie.douban.com/subject/3657136/,https://img3.doubanio.com/lpic/s3716715.jpg
哈利波特同人音乐剧 第二部,9.1,美国,喜剧,https://movie.douban.com/subject/6958656/,https://img1.doubanio.com/lpic/s7035829.jpg
如此美好的一天(短片),9.0,美国,喜剧,https://movie.douban.com/subject/10598713/,https://img3.doubanio.com/view/photo/s_ratio_poster/public/p2395484381.jpg
Eddie Izzard: Dress to Kill,9.0,美国,喜剧,https://movie.douban.com/subject/1866427/,https://img3.doubanio.com/view/photo/s_ratio_poster/public/p2180891675.jpg
R2-D2 Beneath The Dome,9.0,美国,喜剧,https://movie.douban.com/subject/3176843/,https://img3.doubanio.com/lpic/s3219981.jpg
拉里·戴维：消消气,9.0,美国,喜剧,https://movie.douban.com/subject/4893726/,https://img3.doubanio.com/view/photo/s_ratio_poster/public/p2500849806.jpg
拾下拾下,9.6,香港,喜剧,https://movie.douban.com/subject/26801795/,https://img3.doubanio.com/view/photo/s_ratio_poster/public/p2359001422.jpg
秋前算账,9.6,香港,喜剧,https://movie.douban.com/subject/26801794/,https://img3.doubanio.com/view/photo/s_ratio_poster/public/p2358999062.jpg
越大镬越快乐,9.5,香港,喜剧,https://movie.douban.com/subject/25810998/,https://img3.doubanio.com/view/photo/s_ratio_poster/public/p2365168701.jpg
哗众取宠,9.5,香港,喜剧,https://movie.douban.com/subject/26791663/,https://img3.doubanio.com/view/photo/s_ratio_poster/public/p2351203974.jpg
黄子华栋笃笑之冇炭用,9.5,香港,喜剧,https://movie.douban.com/subject/26794221/,https://img1.doubanio.com/view/photo/s_ratio_poster/public/p2352295709.jpg
娱乐圈血肉史,9.3,香港,喜剧,https://movie.douban.com/subject/25786046/,https://img3.doubanio.com/view/photo/s_ratio_poster/public/p2210682395.jpg
娱乐圈血肉史2,9.3,香港,喜剧,https://movie.douban.com/subject/26348796/,https://img1.doubanio.com/view/photo/s_ratio_poster/public/p2239371338.jpg
黃子華栋笃笑之色情家庭,9.3,香港,喜剧,https://movie.douban.com/subject/26796663/,https://img1.doubanio.com/view/photo/s_ratio_poster/public/p2353716227.jpg
跟住去边度,9.3,香港,喜剧,https://movie.douban.com/subject/26767519/,https://img3.doubanio.com/view/photo/s_ratio_poster/public/p2329970542.jpg
黃子華棟篤笑之末世財神,9.3,香港,喜剧,https://movie.douban.com/subject/26797718/,https://img1.doubanio.com/view/photo/s_ratio_poster/public/p2378106307.jpg
大话西游之大圣娶亲,9.2,香港,喜剧,https://movie.douban.com/subject/1292213/,https://img3.doubanio.com/view/photo/s_ratio_poster/public/p2455050536.jpg
黄子华栋笃笑之洗燥,9.1,香港,喜剧,https://movie.douban.com/subject/26582661/,https://img3.doubanio.com/view/photo/s_ratio_poster/public/p2425882934.jpg
一磅肉,9.1,香港,喜剧,https://movie.douban.com/subject/3543679/,https://img3.doubanio.com/view/photo/s_ratio_poster/public/p2342489640.jpg
Me and My Girl,9.5,日本,喜剧,https://movie.douban.com/subject/11577118/,https://img3.doubanio.com/lpic/s11169045.jpg
银魂：白夜叉降诞预告,9.5,日本,喜剧,https://movie.douban.com/subject/4236817/,https://img1.doubanio.com/view/photo/s_ratio_poster/public/p2214620528.jpg
校园疯神榜！2015,9.5,日本,喜剧,https://movie.douban.com/subject/26657143/,https://img3.doubanio.com/view/photo/s_ratio_poster/public/p2280411490.jpg
银魂完结篇：直到永远的万事屋,9.3,日本,喜剧,https://movie.douban.com/subject/11615927/,https://img3.doubanio.com/view/photo/s_ratio_poster/public/p2258024316.jpg
虎与龙SP,9.2,日本,喜剧,https://movie.douban.com/subject/3118848/,https://img3.doubanio.com/view/photo/s_ratio_poster/public/p809505182.jpg
最完美的离婚 2014特别篇,9.1,日本,喜剧,https://movie.douban.com/subject/25790749/,https://img1.doubanio.com/view/photo/s_ratio_poster/public/p2186872257.jpg
银魂剧场版：新译红樱篇,9.1,日本,喜剧,https://movie.douban.com/subject/4122194/,https://img3.doubanio.com/view/photo/s_ratio_poster/public/p612363092.jpg
倒数第二次恋爱 2012秋SP,9.1,日本,喜剧,https://movie.douban.com/subject/19955789/,https://img3.doubanio.com/view/photo/s_ratio_poster/public/p1998695160.jpg
日本之形,9.1,日本,喜剧,https://movie.douban.com/subject/2085511/,https://img3.doubanio.com/lpic/s2413380.jpg
24小时不准笑：热血教师24小时,9.1,日本,喜剧,https://movie.douban.com/subject/26685361/,https://img3.doubanio.com/view/photo/s_ratio_poster/public/p2304326774.jpg
红鳉鱼,9.0,日本,喜剧,https://movie.douban.com/subject/26266892/,https://img3.doubanio.com/view/photo/s_ratio_poster/public/p2315734512.jpg
凉宫春日的消失,9.0,日本,喜剧,https://movie.douban.com/subject/4074292/,https://img3.doubanio.com/view/photo/s_ratio_poster/public/p2246432125.jpg
召唤恶魔阿萨谢尔OAD：泣牛篇,9.0,日本,喜剧,https://movie.douban.com/subject/4287119/,https://img3.doubanio.com/lpic/s4173445.jpg
蜡笔小新之呼风唤雨！大人帝国的反击,9.0,日本,喜剧,https://movie.douban.com/subject/1958667/,https://img3.doubanio.com/view/photo/s_ratio_poster/public/p2327107485.jpg
召唤恶魔阿萨谢尔OAD：赛亚篇,9.0,日本,喜剧,https://movie.douban.com/subject/4858779/,https://img1.doubanio.com/lpic/s6833418.jpg
召唤恶魔阿萨谢尔OAD：路西法篇,9.0,日本,喜剧,https://movie.douban.com/subject/10767534/,https://img3.doubanio.com/lpic/s10205921.jpg
木更津猫眼 世界系列,9.0,日本,喜剧,https://movie.douban.com/subject/1793394/,https://img3.doubanio.com/view/photo/s_ratio_poster/public/p764157116.jpg
草莓棉花糖 OVA 3卷,9.0,日本,喜剧,https://movie.douban.com/subject/2224447/,https://img1.doubanio.com/lpic/s2666917.jpg
草莓棉花糖 OVA 2卷,9.0,日本,喜剧,https://movie.douban.com/subject/2224446/,https://img3.doubanio.com/lpic/s2666915.jpg
甜甜私房猫OVA,9.0,日本,喜剧,https://movie.douban.com/subject/5401535/,https://img3.doubanio.com/lpic/s4568052.jpg
阿滋漫画大王 短篇电影,9.0,日本,喜剧,https://movie.douban.com/subject/2239631/,https://img3.doubanio.com/lpic/s2678594.jpg
8UPPERS FEATURE MUSIC FILM,9.0,日本,喜剧,https://movie.douban.com/subject/6839118/,https://img1.doubanio.com/view/photo/s_ratio_poster/public/p1210671627.jpg
寅次郎的故事15：鸳鸯伞,9.0,日本,喜剧,https://movie.douban.com/subject/1416702/,https://img3.doubanio.com/view/photo/s_ratio_poster/public/p2333007611.jpg
浮浪云,9.0,日本,喜剧,https://movie.douban.com/subject/5913049/,https://img3.doubanio.com/lpic/s6392033.jpg
富康之家：硬核,9.0,日本,喜剧,https://movie.douban.com/subject/6396683/,https://img3.doubanio.com/lpic/s6342614.jpg
出租车,9.6,韩国,喜剧,https://movie.douban.com/subject/26994877/,https://img3.doubanio.com/view/photo/s_ratio_poster/public/p2445935214.jpg
出租车司机冒险记,9.1,韩国,喜剧,https://movie.douban.com/subject/4705150/,https://img3.doubanio.com/view/photo/s_ratio_poster/public/p2502580762.jpg
宇宙快递,9.0,韩国,喜剧,https://movie.douban.com/subject/25884822/,https://img3.doubanio.com/view/photo/s_ratio_poster/public/p2229847445.jpg
The League Of Gentlemen Live At Drury Lane,9.7,英国,喜剧,https://movie.douban.com/subject/20277079/,https://img3.doubanio.com/lpic/s23126434.jpg
Journey of the Childmen: The Mighty Boosh on Tour,9.7,英国,喜剧,https://movie.douban.com/subject/3088560/,https://img3.doubanio.com/lpic/s6918170.jpg
Comedy Connections-Yes Minister,9.7,英国,喜剧,https://movie.douban.com/subject/3541903/,https://img3.doubanio.com/view/photo/s_ratio_poster/public/p2196015190.jpg
Blackadder Exclusive: The Whole Rotten Saga,9.7,英国,喜剧,https://movie.douban.com/subject/3302953/,https://img3.doubanio.com/lpic/s4046681.jpg
憨豆先生精选辑,9.6,英国,喜剧,https://movie.douban.com/subject/5133063/,https://img3.doubanio.com/view/photo/s_ratio_poster/public/p2354179225.jpg
最高档 极地特辑,9.6,英国,喜剧,https://movie.douban.com/subject/10573342/,https://img1.doubanio.com/lpic/s9014007.jpg
凯特秀：喜剧插曲之神秘博士特别篇,9.6,英国,喜剧,https://movie.douban.com/subject/25824839/,https://img3.doubanio.com/view/photo/s_ratio_poster/public/p2289093862.jpg
绅士联盟舞台剧,9.6,英国,喜剧,https://movie.douban.com/subject/20491284/,https://img3.doubanio.com/view/photo/s_ratio_poster/public/p2235065102.jpg
The Mighty Boosh Live: Future Sailors Tour,9.6,英国,喜剧,https://movie.douban.com/subject/4160462/,https://img3.doubanio.com/lpic/s4072314.jpg
跳到最后,9.6,英国,喜剧,https://movie.douban.com/subject/3838208/,https://img1.doubanio.com/lpic/s3872897.jpg
Aim Low:The Best of Dylan Moran,9.6,英国,喜剧,https://movie.douban.com/subject/5913043/,https://img1.doubanio.com/lpic/s4596109.jpg
新闻问答,9.6,英国,喜剧,https://movie.douban.com/subject/2270182/,https://img3.doubanio.com/lpic/s2727625.jpg
法国小馆儿归来,9.6,英国,喜剧,https://movie.douban.com/subject/5194566/,https://img1.doubanio.com/lpic/s4493287.jpg
Green Day：圣经上的子弹演唱会,9.5,英国,喜剧,https://movie.douban.com/subject/2052209/,https://img3.doubanio.com/lpic/s3937890.jpg
创造“哈利`波特”的世界：生物,9.5,英国,喜剧,https://movie.douban.com/subject/6721622/,https://img1.doubanio.com/view/photo/s_ratio_poster/public/p2425167528.jpg
五位(还嫌少)博士重启,9.5,英国,喜剧,https://movie.douban.com/subject/25777719/,https://img1.doubanio.com/view/photo/s_ratio_poster/public/p2160377148.jpg
跳出我天地音乐剧,9.5,英国,喜剧,https://movie.douban.com/subject/26264388/,https://img3.doubanio.com/view/photo/s_ratio_poster/public/p2215874393.jpg
文艺趣向,9.5,英国,喜剧,https://movie.douban.com/subject/26637592/,https://img3.doubanio.com/view/photo/s_ratio_poster/public/p2325812941.jpg
Jam,9.5,英国,喜剧,https://movie.douban.com/subject/2077558/,https://img3.doubanio.com/lpic/s2401735.jpg
IT狂人说明书,9.4,英国,喜剧,https://movie.douban.com/subject/25800237/,https://img3.doubanio.com/view/photo/s_ratio_poster/public/p2164513614.jpg
西蒙·阿姆斯特尔：顺其自然,9.4,英国,喜剧,https://movie.douban.com/subject/6309377/,https://img3.doubanio.com/view/photo/s_ratio_poster/public/p2184490255.jpg
西蒙·阿姆斯特尔：麻木,9.4,英国,喜剧,https://movie.douban.com/subject/24333957/,https://img1.doubanio.com/view/photo/s_ratio_poster/public/p1950952327.jpg
一点双人秀：十五年后重聚首,9.4,英国,喜剧,https://movie.douban.com/subject/5402497/,https://img3.doubanio.com/lpic/s4569461.jpg
博弈论,9.4,英国,喜剧,https://movie.douban.com/subject/3272459/,https://img3.doubanio.com/lpic/s4495422.jpg
神奇动物管理员之红鼻子日秀,9.4,英国,喜剧,https://movie.douban.com/subject/1957936/,https://img1.doubanio.com/lpic/s2810218.jpg
一点双人秀(试播集),9.4,英国,喜剧,https://movie.douban.com/subject/24153305/,https://img3.doubanio.com/view/photo/s_ratio_poster/public/p2179016244.jpg
The Big Fat Quiz of the Year: 2006,9.4,英国,喜剧,https://movie.douban.com/subject/5199020/,https://img3.doubanio.com/lpic/s4508125.jpg
snorks,9.4,英国,喜剧,https://movie.douban.com/subject/1863428/,https://img3.doubanio.com/lpic/s1796635.jpg
Frankie Boyle: Live,9.4,英国,喜剧,https://movie.douban.com/subject/5176730/,https://img3.doubanio.com/lpic/s4466900.jpg
土豆工厂,9.4,英国,喜剧,https://movie.douban.com/subject/1793083/,https://img3.doubanio.com/view/photo/s_ratio_poster/public/p2233036824.jpg
极品基老伴：完结篇,9.3,英国,喜剧,https://movie.douban.com/subject/26700818/,https://img3.doubanio.com/view/photo/s_ratio_poster/public/p2360539785.jpg
凡人与超人,9.3,英国,喜剧,https://movie.douban.com/subject/26637930/,https://img3.doubanio.com/view/photo/s_ratio_poster/public/p2342687224.jpg
Dylan Moran: Off the Hook,9.3,英国,喜剧,https://movie.douban.com/subject/26691373/,https://img1.doubanio.com/view/photo/s_ratio_poster/public/p2384088429.jpg
绿翼：圣诞特别篇,9.3,英国,喜剧,https://movie.douban.com/subject/10535616/,https://img1.doubanio.com/view/photo/s_ratio_poster/public/p2173751587.jpg
幕后危机(特别版),9.3,英国,喜剧,https://movie.douban.com/subject/10573682/,https://img3.doubanio.com/lpic/s9014491.jpg
Rowan Atkinson Live,9.3,英国,喜剧,https://movie.douban.com/subject/1826765/,https://img1.doubanio.com/view/photo/s_ratio_poster/public/p1946989807.jpg
无事生非 (2011年伦敦Wyndham剧院版),9.3,英国,喜剧,https://movie.douban.com/subject/26763132/,https://img1.doubanio.com/view/photo/s_ratio_poster/public/p2328040727.jpg
Bill Bailey's Remarkable Guide to the Orchestra,9.3,英国,喜剧,https://movie.douban.com/subject/4252758/,https://img1.doubanio.com/lpic/s4150079.jpg
IT狂人特别篇,9.2,英国,喜剧,https://movie.douban.com/subject/20453087/,https://img3.doubanio.com/view/photo/s_ratio_poster/public/p2183667933.jpg
极品基老伴：2013圣诞特辑,9.2,英国,喜剧,https://movie.douban.com/subject/25758898/,https://img3.doubanio.com/view/photo/s_ratio_poster/public/p2187166976.jpg
神秘博士：时间冲撞,9.2,英国,喜剧,https://movie.douban.com/subject/4188543/,https://img1.doubanio.com/lpic/s6788929.jpg
"Dylan Moran: Yeah, Yeah",9.2,英国,喜剧,https://movie.douban.com/subject/6790958/,https://img3.doubanio.com/lpic/s6950051.jpg
帝企鹅宝宝的生命轮回之旅,9.2,英国,喜剧,https://movie.douban.com/subject/26265962/,https://img1.doubanio.com/view/photo/s_ratio_poster/public/p2315157917.jpg
迪伦·莫兰脱口秀,9.2,英国,喜剧,https://movie.douban.com/subject/4850732/,https://img1.doubanio.com/lpic/s4375039.jpg
Monster,9.2,英国,喜剧,https://movie.douban.com/subject/1957933/,https://img1.doubanio.com/lpic/s3207427.jpg
呼叫助产士：2012圣诞特别篇,9.2,英国,喜剧,https://movie.douban.com/subject/20494747/,https://img3.doubanio.com/view/photo/s_ratio_poster/public/p2174965075.jpg
卓别林秘史,9.2,英国,喜剧,https://movie.douban.com/subject/3008293/,https://img3.doubanio.com/lpic/s2965874.jpg
The Friday Night Project,9.2,英国,喜剧,https://movie.douban.com/subject/2080553/,https://img1.doubanio.com/lpic/s2405639.jpg
2007红鼻子日慈善专场大表演,9.2,英国,喜剧,https://movie.douban.com/subject/2124854/,https://img1.doubanio.com/lpic/s2727327.jpg
黑爵士再启程,9.2,英国,喜剧,https://movie.douban.com/subject/3987344/,https://img1.doubanio.com/lpic/s6906399.jpg
BBC喜剧音乐晚会,9.2,英国,喜剧,https://movie.douban.com/subject/10590735/,https://img3.doubanio.com/lpic/s9038205.jpg
大胖考10周年,9.3,英国,喜剧,https://movie.douban.com/subject/26296014/,https://img3.doubanio.com/view/photo/s_ratio_poster/public/p2220561444.jpg
皆大欢喜,9.2,英国,喜剧,https://movie.douban.com/subject/25795905/,https://img3.doubanio.com/view/photo/s_ratio_poster/public/p2163632711.jpg
喜之所有,9.1,英国,喜剧,https://movie.douban.com/subject/3140108/,https://img3.doubanio.com/view/photo/s_ratio_poster/public/p1257546382.jpg
人鼠之间,9.1,英国,喜剧,https://movie.douban.com/subject/26431592/,https://img3.doubanio.com/view/photo/s_ratio_poster/public/p2252276881.jpg
绅士联盟 圣诞特辑,9.1,英国,喜剧,https://movie.douban.com/subject/20277075/,https://img1.doubanio.com/lpic/s23126429.jpg
大自然里的奇怪动物,9.1,英国,喜剧,https://movie.douban.com/subject/25879104/,https://img3.doubanio.com/view/photo/s_ratio_poster/public/p2184080090.jpg
临时演员圣诞特辑,9.1,英国,喜剧,https://movie.douban.com/subject/2377036/,https://img3.doubanio.com/lpic/s3914200.jpg
出租车司机冒险记,9.1,英国,喜剧,https://movie.douban.com/subject/4705150/,https://img3.doubanio.com/view/photo/s_ratio_poster/public/p2502580762.jpg
剑桥脚灯社时事讽刺剧,9.1,英国,喜剧,https://movie.douban.com/subject/2222759/,https://img3.doubanio.com/lpic/s3213055.jpg
本尼·希尔搞笑表演集锦,9.1,英国,喜剧,https://movie.douban.com/subject/1494928/,https://img3.doubanio.com/view/photo/s_ratio_poster/public/p2327819375.jpg
Ricky Gervais Live: Animals,9.1,英国,喜剧,https://movie.douban.com/subject/2162796/,https://img3.doubanio.com/lpic/s2621513.jpg
光荣的日子,9.1,英国,喜剧,https://movie.douban.com/subject/3724036/,https://img3.doubanio.com/view/photo/s_ratio_poster/public/p1112469352.jpg
两杆大烟枪,9.0,英国,喜剧,https://movie.douban.com/subject/1293350/,https://img1.doubanio.com/view/photo/s_ratio_poster/public/p792443418.jpg
欢乐树的朋友们：第一滴血,9.0,英国,喜剧,https://movie.douban.com/subject/1393470/,https://img1.doubanio.com/lpic/s1806727.jpg
流浪者之歌,9.0,英国,喜剧,https://movie.douban.com/subject/1303525/,https://img3.doubanio.com/view/photo/s_ratio_poster/public/p2267333084.jpg
小不列颠：现场版,9.0,英国,喜剧,https://movie.douban.com/subject/1957937/,https://img1.doubanio.com/lpic/s2752947.jpg
阿曼动画之超级无敌掌门狗系列2,9.0,英国,喜剧,https://movie.douban.com/subject/1305745/,https://img3.doubanio.com/view/photo/s_ratio_poster/public/p2220140456.jpg
彩虹,9.0,英国,喜剧,https://movie.douban.com/subject/1971485/,https://img3.doubanio.com/view/photo/s_ratio_poster/public/p503390374.jpg
呼叫助产士：2014圣诞特别篇,9.0,英国,喜剧,https://movie.douban.com/subject/25986298/,https://img1.doubanio.com/view/photo/s_ratio_poster/public/p2259011769.jpg
Tim Minchin: So Live,9.0,英国,喜剧,https://movie.douban.com/subject/3893420/,https://img1.doubanio.com/lpic/s3909478.jpg
莫扎特 歌剧《唐·乔万尼》（唐璜）,9.0,英国,喜剧,https://movie.douban.com/subject/1877242/,https://img3.doubanio.com/lpic/s1812251.jpg
哈利波特同人音乐剧 第二部,9.1,英国,喜剧,https://movie.douban.com/subject/6958656/,https://img1.doubanio.com/lpic/s7035829.jpg
布朗夫人的儿子们：2015圣诞特别篇,9.0,英国,喜剧,https://movie.douban.com/subject/26698398/,https://img3.doubanio.com/view/photo/s_ratio_poster/public/p2310452506.jpg
The Beatles in Help!,9.0,英国,喜剧,https://movie.douban.com/subject/4298311/,https://img3.doubanio.com/lpic/s4182573.jpg
Eddie Izzard: Dress to Kill,9.0,英国,喜剧,https://movie.douban.com/subject/1866427/,https://img3.doubanio.com/view/photo/s_ratio_poster/public/p2180891675.jpg
Comic Relief 2009,9.0,英国,喜剧,https://movie.douban.com/subject/3726959/,https://img3.doubanio.com/view/photo/s_ratio_poster/public/p2247857861.jpg
Jimmy Carr: Being Funny,9.0,英国,喜剧,https://movie.douban.com/subject/7003108/,https://img3.doubanio.com/lpic/s7004166.jpg
l'autre c'est moi,9.7,法国,喜剧,https://movie.douban.com/subject/2382278/,https://img3.doubanio.com/lpic/s4695480.jpg
Papa est en haut,9.6,法国,喜剧,https://movie.douban.com/subject/3993697/,https://img3.doubanio.com/lpic/s3950012.jpg
土豆工厂,9.4,法国,喜剧,https://movie.douban.com/subject/1793083/,https://img3.doubanio.com/view/photo/s_ratio_poster/public/p2233036824.jpg
The Work of Director Michel Gondry,9.3,法国,喜剧,https://movie.douban.com/subject/1400646/,https://img3.doubanio.com/lpic/s1408962.jpg
大胖考10周年,9.3,法国,喜剧,https://movie.douban.com/subject/26296014/,https://img3.doubanio.com/view/photo/s_ratio_poster/public/p2220561444.jpg
触不可及,9.1,法国,喜剧,https://movie.douban.com/subject/6786002/,https://img3.doubanio.com/view/photo/s_ratio_poster/public/p1454261925.jpg
雇佣人生,9.1,法国,喜剧,https://movie.douban.com/subject/3823425/,https://img3.doubanio.com/view/photo/s_ratio_poster/public/p2027109343.jpg
地下,9.1,法国,喜剧,https://movie.douban.com/subject/1292206/,https://img3.doubanio.com/view/photo/s_ratio_poster/public/p1833776334.jpg
阿德尔曼夫妇,9.1,法国,喜剧,https://movie.douban.com/subject/26951692/,https://img3.doubanio.com/view/photo/s_ratio_poster/public/p2417978591.jpg
阿福世界,9.1,法国,喜剧,https://movie.douban.com/subject/4603384/,https://img1.doubanio.com/lpic/s4214847.jpg
光荣的日子,9.1,法国,喜剧,https://movie.douban.com/subject/3724036/,https://img3.doubanio.com/view/photo/s_ratio_poster/public/p1112469352.jpg
冠军理发师,9.1,法国,喜剧,https://movie.douban.com/subject/5115829/,https://img1.doubanio.com/lpic/s6341569.jpg
宝琳和宝莱特,9.0,法国,喜剧,https://movie.douban.com/subject/1756409/,https://img3.doubanio.com/lpic/s1627894.jpg
金球,9.0,法国,喜剧,https://movie.douban.com/subject/3134269/,https://img1.doubanio.com/view/photo/s_ratio_poster/public/p2251344879.jpg
"加油,法国队!",9.0,法国,喜剧,https://movie.douban.com/subject/3700124/,https://img3.doubanio.com/lpic/s3754010.jpg
我是海尔姆特,9.4,德国,喜剧,https://movie.douban.com/subject/5360245/,https://img3.doubanio.com/lpic/s4533690.jpg
塞维利亚的理发师,9.2,德国,喜剧,https://movie.douban.com/subject/1772046/,https://img3.doubanio.com/lpic/s1643193.jpg
地下,9.1,德国,喜剧,https://movie.douban.com/subject/1292206/,https://img3.doubanio.com/view/photo/s_ratio_poster/public/p1833776334.jpg
费加罗的婚礼,9.1,德国,喜剧,https://movie.douban.com/subject/1797500/,https://img1.doubanio.com/view/photo/s_ratio_poster/public/p2272483089.jpg
美丽人生,9.5,意大利,喜剧,https://movie.douban.com/subject/1292063/,https://img3.doubanio.com/view/photo/s_ratio_poster/public/p510861873.jpg
塞维利亚的理发师,9.2,意大利,喜剧,https://movie.douban.com/subject/1772046/,https://img3.doubanio.com/lpic/s1643193.jpg
费加罗的婚礼,9.1,意大利,喜剧,https://movie.douban.com/subject/1797500/,https://img1.doubanio.com/view/photo/s_ratio_poster/public/p2272483089.jpg
流浪者之歌,9.0,意大利,喜剧,https://movie.douban.com/subject/1303525/,https://img3.doubanio.com/view/photo/s_ratio_poster/public/p2267333084.jpg
莫扎特 歌剧《唐·乔万尼》（唐璜）,9.0,意大利,喜剧,https://movie.douban.com/subject/1877242/,https://img3.doubanio.com/lpic/s1812251.jpg
凡托齐,9.0,意大利,喜剧,https://movie.douban.com/subject/1442672/,https://img3.doubanio.com/view/photo/s_ratio_poster/public/p1013246044.jpg
Abhilasha,9.7,印度,喜剧,https://movie.douban.com/subject/3278106/,https://img3.doubanio.com/lpic/s3338625.jpg
三傻大闹宝莱坞,9.1,印度,喜剧,https://movie.douban.com/subject/3793023/,https://img3.doubanio.com/view/photo/s_ratio_poster/public/p579729551.jpg
摔跤吧！爸爸,9.1,印度,喜剧,https://movie.douban.com/subject/26387939/,https://img3.doubanio.com/view/photo/s_ratio_poster/public/p2457983084.jpg
唐吉柯德,9.3,俄罗斯,喜剧,https://movie.douban.com/subject/3838100/,https://img3.doubanio.com/lpic/s3874775.jpg
喀山孤兒,9.0,俄罗斯,喜剧,https://movie.douban.com/subject/4040438/,https://img3.doubanio.com/lpic/s3982254.jpg
"Russell Peters: Two Concerts, One Ticket",9.3,加拿大,喜剧,https://movie.douban.com/subject/6087827/,https://img1.doubanio.com/lpic/s4699657.jpg
Rocky Horror Tribute Show,9.3,加拿大,喜剧,https://movie.douban.com/subject/3539046/,https://img3.doubanio.com/lpic/s3598686.jpg
拉塞尔·皮特斯：红白褐,9.2,加拿大,喜剧,https://movie.douban.com/subject/3578890/,https://img3.doubanio.com/lpic/s3635321.jpg
拉塞尔·皮特斯：幽默无国界,9.0,加拿大,喜剧,https://movie.douban.com/subject/4186797/,https://img3.doubanio.com/lpic/s4092233.jpg
Russell Peters: Show Me the Funny,9.0,加拿大,喜剧,https://movie.douban.com/subject/5380957/,https://img3.doubanio.com/lpic/s4551740.jpg
彩虹,9.0,加拿大,喜剧,https://movie.douban.com/subject/1971485/,https://img3.doubanio.com/view/photo/s_ratio_poster/public/p503390374.jpg
土豆工厂,9.4,澳大利亚,喜剧,https://movie.douban.com/subject/1793083/,https://img3.doubanio.com/view/photo/s_ratio_poster/public/p2233036824.jpg
迪伦·莫兰脱口秀,9.2,澳大利亚,喜剧,https://movie.douban.com/subject/4850732/,https://img1.doubanio.com/lpic/s4375039.jpg
Tim Minchin: So Live,9.0,澳大利亚,喜剧,https://movie.douban.com/subject/3893420/,https://img1.doubanio.com/lpic/s3909478.jpg
Aim Low:The Best of Dylan Moran,9.6,爱尔兰,喜剧,https://movie.douban.com/subject/5913043/,https://img1.doubanio.com/lpic/s4596109.jpg
Dylan Moran: Off the Hook,9.3,爱尔兰,喜剧,https://movie.douban.com/subject/26691373/,https://img1.doubanio.com/view/photo/s_ratio_poster/public/p2384088429.jpg
"Dylan Moran: Yeah, Yeah",9.2,爱尔兰,喜剧,https://movie.douban.com/subject/6790958/,https://img3.doubanio.com/lpic/s6950051.jpg
迪伦·莫兰脱口秀,9.2,爱尔兰,喜剧,https://movie.douban.com/subject/4850732/,https://img1.doubanio.com/lpic/s4375039.jpg
Monster,9.2,爱尔兰,喜剧,https://movie.douban.com/subject/1957933/,https://img1.doubanio.com/lpic/s3207427.jpg
喜之所有,9.1,爱尔兰,喜剧,https://movie.douban.com/subject/3140108/,https://img3.doubanio.com/view/photo/s_ratio_poster/public/p1257546382.jpg
布朗夫人的儿子们：2015圣诞特别篇,9.0,爱尔兰,喜剧,https://movie.douban.com/subject/26698398/,https://img3.doubanio.com/view/photo/s_ratio_poster/public/p2310452506.jpg
克拉姆一家,9.0,丹麦,喜剧,https://movie.douban.com/subject/1769053/,https://img3.doubanio.com/lpic/s1646160.jpg
克拉姆一家2,9.0,丹麦,喜剧,https://movie.douban.com/subject/1775004/,https://img3.doubanio.com/lpic/s1646162.jpg
岁城璃心-鬼蜮咒原,9.0,大陆,动作,https://movie.douban.com/subject/26298852/,https://img3.doubanio.com/view/photo/s_ratio_poster/public/p2243669803.jpg
魔法门之英雄无敌3：死亡阴影,9.5,美国,动作,https://movie.douban.com/subject/4935231/,https://img3.doubanio.com/lpic/s4432480.jpg
疑犯追踪 试播集,9.4,美国,动作,https://movie.douban.com/subject/24700683/,https://img1.doubanio.com/view/photo/s_ratio_poster/public/p1974739828.jpg
UFC一百场最伟大的比赛,9.4,美国,动作,https://movie.douban.com/subject/4169014/,https://img1.doubanio.com/lpic/s4077247.jpg
盗梦空间,9.3,美国,动作,https://movie.douban.com/subject/3541415/,https://img3.doubanio.com/view/photo/s_ratio_poster/public/p513344864.jpg
守望先锋：荣耀,9.3,美国,动作,https://movie.douban.com/subject/27191474/,https://img3.doubanio.com/view/photo/s_ratio_poster/public/p2504236053.jpg
疯狂动物城,9.2,美国,动作,https://movie.douban.com/subject/25662329/,https://img1.doubanio.com/view/photo/s_ratio_poster/public/p2315672647.jpg
教父,9.2,美国,动作,https://movie.douban.com/subject/1291841/,https://img3.doubanio.com/view/photo/s_ratio_poster/public/p2190556185.jpg
守望先锋：双龙,9.3,美国,动作,https://movie.douban.com/subject/26860017/,https://img3.doubanio.com/view/photo/s_ratio_poster/public/p2417863546.jpg
王的哲♂学摔跤,9.2,美国,动作,https://movie.douban.com/subject/2245557/,https://img3.doubanio.com/view/photo/s_ratio_poster/public/p2180258143.jpg
天旋地转,9.2,美国,动作,https://movie.douban.com/subject/5150857/,https://img3.doubanio.com/lpic/s11164566.jpg
指环王3：王者无敌,9.1,美国,动作,https://movie.douban.com/subject/1291552/,https://img3.doubanio.com/view/photo/s_ratio_poster/public/p1910825503.jpg
教父2,9.1,美国,动作,https://movie.douban.com/subject/1299131/,https://img1.doubanio.com/view/photo/s_ratio_poster/public/p2194138787.jpg
黄金三镖客,9.1,美国,动作,https://movie.douban.com/subject/1401118/,https://img1.doubanio.com/view/photo/s_ratio_poster/public/p2101693489.jpg
攀登梅鲁峰,9.1,美国,动作,https://movie.douban.com/subject/26276373/,https://img3.doubanio.com/view/photo/s_ratio_poster/public/p2286660380.jpg
德鲁大叔,9.1,美国,动作,https://movie.douban.com/subject/26665408/,https://img3.doubanio.com/view/photo/s_ratio_poster/public/p2401288743.jpg
梦之帝国：星球大战三部曲的故事,9.1,美国,动作,https://movie.douban.com/subject/3429411/,https://img3.doubanio.com/lpic/s3556582.jpg
蝙蝠侠：黑暗骑士,9.0,美国,动作,https://movie.douban.com/subject/1851857/,https://img3.doubanio.com/view/photo/s_ratio_poster/public/p462657443.jpg
两杆大烟枪,9.0,美国,动作,https://movie.douban.com/subject/1293350/,https://img1.doubanio.com/view/photo/s_ratio_poster/public/p792443418.jpg
将军号,9.0,美国,动作,https://movie.douban.com/subject/1292778/,https://img3.doubanio.com/view/photo/s_ratio_poster/public/p2248676081.jpg
稻草人,9.0,美国,动作,https://movie.douban.com/subject/1867778/,https://img1.doubanio.com/view/photo/s_ratio_poster/public/p2503556327.jpg
李小龙：勇士的旅程,9.0,美国,动作,https://movie.douban.com/subject/1305710/,https://img3.doubanio.com/view/photo/s_ratio_poster/public/p2267330935.jpg
双X：这个游戏的名称,9.0,美国,动作,https://movie.douban.com/subject/1294819/,https://img3.doubanio.com/lpic/s3932346.jpg
救援,9.0,美国,动作,https://movie.douban.com/subject/26584512/,https://img1.doubanio.com/view/photo/s_ratio_poster/public/p2260451878.jpg
大话西游之大圣娶亲,9.2,香港,动作,https://movie.douban.com/subject/1292213/,https://img3.doubanio.com/view/photo/s_ratio_poster/public/p2455050536.jpg
无间道,9.0,香港,动作,https://movie.douban.com/subject/1307914/,https://img3.doubanio.com/view/photo/s_ratio_poster/public/p2233971046.jpg
上海滩,9.0,香港,动作,https://movie.douban.com/subject/6311260/,https://img3.doubanio.com/view/photo/s_ratio_poster/public/p2344833803.jpg
李小龙：勇士的旅程,9.0,香港,动作,https://movie.douban.com/subject/1305710/,https://img3.doubanio.com/view/photo/s_ratio_poster/public/p2267330935.jpg
新世纪福音战士剧场版：Air/真心为你,9.4,日本,动作,https://movie.douban.com/subject/1308892/,https://img1.doubanio.com/view/photo/s_ratio_poster/public/p2199653749.jpg
银魂完结篇：直到永远的万事屋,9.3,日本,动作,https://movie.douban.com/subject/11615927/,https://img3.doubanio.com/view/photo/s_ratio_poster/public/p2258024316.jpg
七武士,9.2,日本,动作,https://movie.douban.com/subject/1295399/,https://img3.doubanio.com/view/photo/s_ratio_poster/public/p647099823.jpg
福音战士新剧场版：破,9.2,日本,动作,https://movie.douban.com/subject/2567646/,https://img3.doubanio.com/view/photo/s_ratio_poster/public/p1026522114.jpg
新世纪福音战士剧场版：死与新生,9.2,日本,动作,https://movie.douban.com/subject/1455442/,https://img3.doubanio.com/view/photo/s_ratio_poster/public/p2250120322.jpg
切腹,9.2,日本,动作,https://movie.douban.com/subject/1304920/,https://img3.doubanio.com/view/photo/s_ratio_poster/public/p2151748293.jpg
攻壳机动队SAC 2nd GIG：个别的十一人,9.2,日本,动作,https://movie.douban.com/subject/2352020/,https://img3.doubanio.com/view/photo/s_ratio_poster/public/p2497028401.jpg
新世纪福音战士剧场版：复兴,9.2,日本,动作,https://movie.douban.com/subject/20458867/,https://img3.doubanio.com/view/photo/s_ratio_poster/public/p2227584460.jpg
福音战士新剧场版：序,9.1,日本,动作,https://movie.douban.com/subject/1968790/,https://img3.doubanio.com/view/photo/s_ratio_poster/public/p453715063.jpg
银魂剧场版：新译红樱篇,9.1,日本,动作,https://movie.douban.com/subject/4122194/,https://img3.doubanio.com/view/photo/s_ratio_poster/public/p612363092.jpg
攻壳机动队SAC：笑面男,9.1,日本,动作,https://movie.douban.com/subject/2078804/,https://img1.doubanio.com/view/photo/s_ratio_poster/public/p2207164758.jpg
天元突破剧场版：螺岩篇,9.1,日本,动作,https://movie.douban.com/subject/3727748/,https://img3.doubanio.com/view/photo/s_ratio_poster/public/p937216094.jpg
攻壳机动队2：无罪,9.0,日本,动作,https://movie.douban.com/subject/1291566/,https://img1.doubanio.com/view/photo/s_ratio_poster/public/p453466108.jpg
空之境界 第七章 杀人考察（后）,9.0,日本,动作,https://movie.douban.com/subject/3399553/,https://img3.doubanio.com/view/photo/s_ratio_poster/public/p2202703811.jpg
机动战士高达：逆袭的夏亚,9.0,日本,动作,https://movie.douban.com/subject/1401536/,https://img3.doubanio.com/view/photo/s_ratio_poster/public/p546980785.jpg
少女与战车 剧场版,9.0,日本,动作,https://movie.douban.com/subject/24460604/,https://img1.doubanio.com/view/photo/s_ratio_poster/public/p2290872319.jpg
海贼王梅利篇：另一名同伴的故事,9.0,日本,动作,https://movie.douban.com/subject/25711544/,https://img3.doubanio.com/view/photo/s_ratio_poster/public/p2107245311.jpg
乱莺,9.0,日本,动作,https://movie.douban.com/subject/26897405/,https://img3.doubanio.com/view/photo/s_ratio_poster/public/p2461995492.jpg
盗梦空间,9.3,英国,动作,https://movie.douban.com/subject/3541415/,https://img3.doubanio.com/view/photo/s_ratio_poster/public/p513344864.jpg
神秘博士：时间冲撞,9.2,英国,动作,https://movie.douban.com/subject/4188543/,https://img1.doubanio.com/lpic/s6788929.jpg
蝙蝠侠：黑暗骑士,9.0,英国,动作,https://movie.douban.com/subject/1851857/,https://img3.doubanio.com/view/photo/s_ratio_poster/public/p462657443.jpg
两杆大烟枪,9.0,英国,动作,https://movie.douban.com/subject/1293350/,https://img1.doubanio.com/view/photo/s_ratio_poster/public/p792443418.jpg
李小龙：勇士的旅程,9.0,英国,动作,https://movie.douban.com/subject/1305710/,https://img3.doubanio.com/view/photo/s_ratio_poster/public/p2267330935.jpg
双X：这个游戏的名称,9.0,英国,动作,https://movie.douban.com/subject/1294819/,https://img3.doubanio.com/lpic/s3932346.jpg
怒海英雄：公爵夫人与恶魔,9.0,英国,动作,https://movie.douban.com/subject/1889695/,https://img3.doubanio.com/view/photo/s_ratio_poster/public/p2278607774.jpg
这个杀手不太冷,9.4,法国,动作,https://movie.douban.com/subject/1295644/,https://img3.doubanio.com/view/photo/s_ratio_poster/public/p511118051.jpg
98世界杯之旅,9.0,法国,动作,https://movie.douban.com/subject/1998756/,https://img1.doubanio.com/lpic/s2159708.jpg
从海底出击,9.0,德国,动作,https://movie.douban.com/subject/1293909/,https://img3.doubanio.com/view/photo/s_ratio_poster/public/p2088879323.jpg
黄金三镖客,9.1,意大利,动作,https://movie.douban.com/subject/1401118/,https://img1.doubanio.com/view/photo/s_ratio_poster/public/p2101693489.jpg
黄金三镖客,9.1,西班牙,动作,https://movie.douban.com/subject/1401118/,https://img1.doubanio.com/view/photo/s_ratio_poster/public/p2101693489.jpg
攀登梅鲁峰,9.1,印度,动作,https://movie.douban.com/subject/26276373/,https://img3.doubanio.com/view/photo/s_ratio_poster/public/p2286660380.jpg
绝不松开我的拳头,9.0,大陆,犯罪,https://movie.douban.com/subject/26199883/,https://img1.doubanio.com/view/photo/s_ratio_poster/public/p2207905589.jpg
肖申克的救赎,9.6,美国,犯罪,https://movie.douban.com/subject/1292052/,https://img3.doubanio.com/view/photo/s_ratio_poster/public/p480747492.jpg
控方证人,9.6,美国,犯罪,https://movie.douban.com/subject/1296141/,https://img1.doubanio.com/view/photo/s_ratio_poster/public/p1505392928.jpg
美国法医档案,9.6,美国,犯罪,https://movie.douban.com/subject/3872009/,https://img3.doubanio.com/view/photo/s_ratio_poster/public/p2355646286.jpg
十二怒汉,9.4,美国,犯罪,https://movie.douban.com/subject/1293182/,https://img3.doubanio.com/view/photo/s_ratio_poster/public/p2173577632.jpg
十二怒汉,9.4,美国,犯罪,https://movie.douban.com/subject/10583098/,https://img3.doubanio.com/view/photo/s_ratio_poster/public/p2153875961.jpg
控方证人,9.4,美国,犯罪,https://movie.douban.com/subject/5294851/,https://img3.doubanio.com/view/photo/s_ratio_poster/public/p2367853261.jpg
疑犯追踪 试播集,9.4,美国,犯罪,https://movie.douban.com/subject/24700683/,https://img1.doubanio.com/view/photo/s_ratio_poster/public/p1974739828.jpg
盗梦空间,9.3,美国,犯罪,https://movie.douban.com/subject/3541415/,https://img3.doubanio.com/view/photo/s_ratio_poster/public/p513344864.jpg
The Smashing Pumpkins: 1991-2000 Greatest Hits Video Collection,9.3,美国,犯罪,https://movie.douban.com/subject/2074837/,https://img3.doubanio.com/lpic/s2629052.jpg
教父,9.2,美国,犯罪,https://movie.douban.com/subject/1291841/,https://img3.doubanio.com/view/photo/s_ratio_poster/public/p2190556185.jpg
同行：奥兰多特别篇,9.2,美国,犯罪,https://movie.douban.com/subject/26878436/,https://img3.doubanio.com/view/photo/s_ratio_poster/public/p2494282754.jpg
天旋地转,9.2,美国,犯罪,https://movie.douban.com/subject/5150857/,https://img3.doubanio.com/lpic/s11164566.jpg
教父2,9.1,美国,犯罪,https://movie.douban.com/subject/1299131/,https://img1.doubanio.com/view/photo/s_ratio_poster/public/p2194138787.jpg
美国往事,9.1,美国,犯罪,https://movie.douban.com/subject/1292262/,https://img1.doubanio.com/view/photo/s_ratio_poster/public/p477229647.jpg
互联网之子,9.1,美国,犯罪,https://movie.douban.com/subject/25785114/,https://img3.doubanio.com/view/photo/s_ratio_poster/public/p2166127561.jpg
虎王归来,9.1,美国,犯罪,https://movie.douban.com/subject/24849943/,https://img3.doubanio.com/view/photo/s_ratio_poster/public/p2029447346.jpg
蝙蝠侠：黑暗骑士,9.0,美国,犯罪,https://movie.douban.com/subject/1851857/,https://img3.doubanio.com/view/photo/s_ratio_poster/public/p462657443.jpg
两杆大烟枪,9.0,美国,犯罪,https://movie.douban.com/subject/1293350/,https://img1.doubanio.com/view/photo/s_ratio_poster/public/p792443418.jpg
完美的世界,9.0,美国,犯罪,https://movie.douban.com/subject/1300992/,https://img3.doubanio.com/view/photo/s_ratio_poster/public/p792403691.jpg
新推理探案3,9.0,美国,犯罪,https://movie.douban.com/subject/2150270/,https://img1.doubanio.com/lpic/s25452929.jpg
透视9/11,9.0,美国,犯罪,https://movie.douban.com/subject/2226683/,https://img3.doubanio.com/lpic/s3837343.jpg
无间道,9.0,香港,犯罪,https://movie.douban.com/subject/1307914/,https://img3.doubanio.com/view/photo/s_ratio_poster/public/p2233971046.jpg
上海滩,9.0,香港,犯罪,https://movie.douban.com/subject/6311260/,https://img3.doubanio.com/view/photo/s_ratio_poster/public/p2344833803.jpg
攻壳机动队SAC 2nd GIG：个别的十一人,9.2,日本,犯罪,https://movie.douban.com/subject/2352020/,https://img3.doubanio.com/view/photo/s_ratio_poster/public/p2497028401.jpg
攻壳机动队SAC：笑面男,9.1,日本,犯罪,https://movie.douban.com/subject/2078804/,https://img1.doubanio.com/view/photo/s_ratio_poster/public/p2207164758.jpg
古畑任三郎完结篇 重生之死,9.0,日本,犯罪,https://movie.douban.com/subject/10558405/,https://img1.doubanio.com/view/photo/s_ratio_poster/public/p2155138409.jpg
空之境界 未来福音,9.0,日本,犯罪,https://movie.douban.com/subject/11499092/,https://img1.doubanio.com/view/photo/s_ratio_poster/public/p2037135869.jpg
古畑任三郎 最后之舞,9.0,日本,犯罪,https://movie.douban.com/subject/10558406/,https://img3.doubanio.com/view/photo/s_ratio_poster/public/p2155138955.jpg
徐谐仁短片“午夜出租车”,,韩国,犯罪,https://movie.douban.com/subject/25960901/,https://img3.doubanio.com/view/photo/s_ratio_poster/public/p2196186376.jpg
辩护人,9.1,韩国,犯罪,https://movie.douban.com/subject/21937445/,https://img3.doubanio.com/view/photo/s_ratio_poster/public/p2158166535.jpg
素媛,9.1,韩国,犯罪,https://movie.douban.com/subject/21937452/,https://img3.doubanio.com/view/photo/s_ratio_poster/public/p2118532944.jpg
出租车司机冒险记,9.1,韩国,犯罪,https://movie.douban.com/subject/4705150/,https://img3.doubanio.com/view/photo/s_ratio_poster/public/p2502580762.jpg
深湖,9.5,英国,犯罪,https://movie.douban.com/subject/26312993/,https://img3.doubanio.com/view/photo/s_ratio_poster/public/p2224213905.jpg
控方证人,9.4,英国,犯罪,https://movie.douban.com/subject/5294851/,https://img3.doubanio.com/view/photo/s_ratio_poster/public/p2367853261.jpg
临终的侦探,9.4,英国,犯罪,https://movie.douban.com/subject/3676944/,https://img3.doubanio.com/lpic/s3732124.jpg
盗梦空间,9.3,英国,犯罪,https://movie.douban.com/subject/3541415/,https://img3.doubanio.com/view/photo/s_ratio_poster/public/p513344864.jpg
福尔摩斯：斑点带子案,9.2,英国,犯罪,https://movie.douban.com/subject/3231171/,https://img1.doubanio.com/lpic/s3278159.jpg
最后一案,9.2,英国,犯罪,https://movie.douban.com/subject/3603187/,https://img1.doubanio.com/lpic/s3662829.jpg
红发会,9.2,英国,犯罪,https://movie.douban.com/subject/3603181/,https://img3.doubanio.com/lpic/s3662823.jpg
诺伍德的建筑师,9.2,英国,犯罪,https://movie.douban.com/subject/3603169/,https://img1.doubanio.com/lpic/s3662809.jpg
住院的病人,9.2,英国,犯罪,https://movie.douban.com/subject/3603173/,https://img3.doubanio.com/lpic/s3662833.jpg
空房子,9.2,英国,犯罪,https://movie.douban.com/subject/3603208/,https://img1.doubanio.com/lpic/s3662859.jpg
马斯格雷夫仪式,9.2,英国,犯罪,https://movie.douban.com/subject/3607017/,https://img1.doubanio.com/lpic/s3666928.jpg
帷幕：波洛的最后一案,9.2,英国,犯罪,https://movie.douban.com/subject/25892252/,https://img1.doubanio.com/view/photo/s_ratio_poster/public/p2184353409.jpg
布鲁斯—帕廷顿计划,9.2,英国,犯罪,https://movie.douban.com/subject/3607057/,https://img3.doubanio.com/lpic/s3666973.jpg
爬行人,9.2,英国,犯罪,https://movie.douban.com/subject/3676858/,https://img3.doubanio.com/lpic/s3732035.jpg
显贵的主顾,9.2,英国,犯罪,https://movie.douban.com/subject/3676849/,https://img3.doubanio.com/lpic/s3732030.jpg
王冠宝石案,9.2,英国,犯罪,https://movie.douban.com/subject/3712239/,https://img1.doubanio.com/lpic/s3765437.jpg
Derren Brown : Infamous,9.2,英国,犯罪,https://movie.douban.com/subject/26358768/,https://img3.doubanio.com/view/photo/s_ratio_poster/public/p2350835566.jpg
大卫·苏切特的东方快车之旅,9.2,英国,犯罪,https://movie.douban.com/subject/5963754/,https://img3.doubanio.com/view/photo/s_ratio_poster/public/p2171210961.jpg
第二块血迹,9.1,英国,犯罪,https://movie.douban.com/subject/3607018/,https://img3.doubanio.com/lpic/s3667582.jpg
六座拿破仑半身像,9.1,英国,犯罪,https://movie.douban.com/subject/3607036/,https://img3.doubanio.com/lpic/s3666950.jpg
歪唇男人,9.1,英国,犯罪,https://movie.douban.com/subject/3607022/,https://img1.doubanio.com/lpic/s3666938.jpg
魔鬼之足,9.1,英国,犯罪,https://movie.douban.com/subject/3607038/,https://img3.doubanio.com/lpic/s3666952.jpg
银色马,9.1,英国,犯罪,https://movie.douban.com/subject/3607042/,https://img1.doubanio.com/lpic/s3666958.jpg
博斯科姆比溪谷秘案,9.1,英国,犯罪,https://movie.douban.com/subject/3630749/,https://img3.doubanio.com/lpic/s3691252.jpg
弗朗西斯·卡法克斯女士失踪案,9.1,英国,犯罪,https://movie.douban.com/subject/3610756/,https://img3.doubanio.com/lpic/s3732060.jpg
纸盒子,9.1,英国,犯罪,https://movie.douban.com/subject/3712242/,https://img3.doubanio.com/lpic/s3811360.jpg
出租车司机冒险记,9.1,英国,犯罪,https://movie.douban.com/subject/4705150/,https://img3.doubanio.com/view/photo/s_ratio_poster/public/p2502580762.jpg
虎王归来,9.1,英国,犯罪,https://movie.douban.com/subject/24849943/,https://img3.doubanio.com/view/photo/s_ratio_poster/public/p2029447346.jpg
歌唱神探,9.1,英国,犯罪,https://movie.douban.com/subject/1499667/,https://img3.doubanio.com/lpic/s4178164.jpg
蝙蝠侠：黑暗骑士,9.0,英国,犯罪,https://movie.douban.com/subject/1851857/,https://img3.doubanio.com/view/photo/s_ratio_poster/public/p462657443.jpg
两杆大烟枪,9.0,英国,犯罪,https://movie.douban.com/subject/1293350/,https://img1.doubanio.com/view/photo/s_ratio_poster/public/p792443418.jpg
神探夏洛克：福至如归,9.0,英国,犯罪,https://movie.douban.com/subject/25798411/,https://img3.doubanio.com/view/photo/s_ratio_poster/public/p2412522760.jpg
流浪者之歌,9.0,英国,犯罪,https://movie.douban.com/subject/1303525/,https://img3.doubanio.com/view/photo/s_ratio_poster/public/p2267333084.jpg
福尔摩斯：跳舞的人,9.0,英国,犯罪,https://movie.douban.com/subject/3230514/,https://img3.doubanio.com/lpic/s3662420.jpg
四签名,9.0,英国,犯罪,https://movie.douban.com/subject/3130431/,https://img3.doubanio.com/lpic/s3662874.jpg
格兰其庄园,9.0,英国,犯罪,https://movie.douban.com/subject/3603220/,https://img3.doubanio.com/lpic/s3662865.jpg
雷神桥之谜,9.0,英国,犯罪,https://movie.douban.com/subject/3610794/,https://img3.doubanio.com/lpic/s3670346.jpg
维斯特里亚寓所,9.0,英国,犯罪,https://movie.douban.com/subject/3607054/,https://img1.doubanio.com/lpic/s3666968.jpg
三角墙山庄,9.0,英国,犯罪,https://movie.douban.com/subject/3676930/,https://img1.doubanio.com/lpic/s3732107.jpg
红圈会,9.0,英国,犯罪,https://movie.douban.com/subject/3711737/,https://img3.doubanio.com/lpic/s3811376.jpg
魔咒,9.0,英国,犯罪,https://movie.douban.com/subject/25760463/,https://img1.doubanio.com/view/photo/s_ratio_poster/public/p2159761578.jpg
这个杀手不太冷,9.4,法国,犯罪,https://movie.douban.com/subject/1295644/,https://img3.doubanio.com/view/photo/s_ratio_poster/public/p511118051.jpg
调音师,9.2,法国,犯罪,https://movie.douban.com/subject/6846495/,https://img1.doubanio.com/view/photo/s_ratio_poster/public/p1529066859.jpg
洞,9.2,法国,犯罪,https://movie.douban.com/subject/1424334/,https://img3.doubanio.com/view/photo/s_ratio_poster/public/p1184780820.jpg
洞,9.2,意大利,犯罪,https://movie.douban.com/subject/1424334/,https://img3.doubanio.com/view/photo/s_ratio_poster/public/p1184780820.jpg
美国往事,9.1,意大利,犯罪,https://movie.douban.com/subject/1292262/,https://img1.doubanio.com/view/photo/s_ratio_poster/public/p477229647.jpg
流浪者之歌,9.0,意大利,犯罪,https://movie.douban.com/subject/1303525/,https://img3.doubanio.com/view/photo/s_ratio_poster/public/p2267333084.jpg
绝不松开我的拳头,9.0,加拿大,犯罪,https://movie.douban.com/subject/26199883/,https://img1.doubanio.com/view/photo/s_ratio_poster/public/p2207905589.jpg
